code,name_uz,name_ru,name_en,name_uz_cyrillic,period,frequency,year,value
1700,O‘zbekiston Respublikasi,Республика Узбекистан,Republic of Uzbekistan,Ўзбекистон Республикаси,2000,annual,2000,39.1
1735,Qoraqalpog‘iston Respublikasi,Республика Каракалпакстан,Republic of Karakalpakstan,Қорақалпоғистон Республикаси,2000,annual,2000,32.7
1703,Andijon viloyati,Андижанская область,Andijan region,Aндижон вилояти,2000,annual,2000,49.1
1706,Buxoro viloyati,Бухарская область,Bukhara region,Бухоро вилояти,2000,annual,2000,45.4
1708,Jizzax viloyati,Джизакская область,Jizzakh region,Жиззах вилояти,2000,annual,2000,26.8
1710,Qashqadaryo viloyati,Кашкадарьинская область,Kashkadarya region,Қашқадарё вилояти,2000,annual,2000,42.9
1712,Navoiy viloyati,Навоийская область,Navoi region,Навоий вилояти,2000,annual,2000,37.6
1714,Namangan viloyati,Наманганская область,Namangan region,Наманган вилояти,2000,annual,2000,44.0
1718,Samarqand viloyati,Самаркандская область,Samarkand region,Самарқанд вилояти,2000,annual,2000,60.5
1722,Surxondaryo viloyati,Сурхандарьинская область,Surkhandarya region,Сурхондарё вилояти,2000,annual,2000,37.7
1724,Sirdaryo viloyati,Сырдарьинская область,Syrdarya region,Сирдарё вилояти,2000,annual,2000,39.3
1727,Toshkent viloyati,Ташкентская область,Tashkent region,Тошкент вилояти,2000,annual,2000,36.5
1730,Farg‘ona viloyati,Ферганская область,Fergana region,Фарғона вилояти,2000,annual,2000,40.4
1733,Xorazm viloyati,Хорезмская область,Khorezm region,Хоразм вилояти,2000,annual,2000,46.5
1726,Toshkent shahri,город Ташкент,Tashkent city,Тошкент шаҳри,2000,annual,2000,30.2
1700,O‘zbekiston Respublikasi,Республика Узбекистан,Republic of Uzbekistan,Ўзбекистон Республикаси,2001,annual,2001,41.4
1735,Qoraqalpog‘iston Respublikasi,Республика Каракалпакстан,Republic of Karakalpakstan,Қорақалпоғистон Республикаси,2001,annual,2001,43.8
1703,Andijon viloyati,Андижанская область,Andijan region,Aндижон вилояти,2001,annual,2001,43.5
1706,Buxoro viloyati,Бухарская область,Bukhara region,Бухоро вилояти,2001,annual,2001,70.9
1708,Jizzax viloyati,Джизакская область,Jizzakh region,Жиззах вилояти,2001,annual,2001,37.3
1710,Qashqadaryo viloyati,Кашкадарьинская область,Kashkadarya region,Қашқадарё вилояти,2001,annual,2001,43.2
1712,Navoiy viloyati,Навоийская область,Navoi region,Навоий вилояти,2001,annual,2001,38.1
1714,Namangan viloyati,Наманганская область,Namangan region,Наманган вилояти,2001,annual,2001,45.0
1718,Samarqand viloyati,Самаркандская область,Samarkand region,Самарқанд вилояти,2001,annual,2001,57.0
1722,Surxondaryo viloyati,Сурхандарьинская область,Surkhandarya region,Сурхондарё вилояти,2001,annual,2001,56.6
1724,Sirdaryo viloyati,Сырдарьинская область,Syrdarya region,Сирдарё вилояти,2001,annual,2001,43.5
1727,Toshkent viloyati,Ташкентская область,Tashkent region,Тошкент вилояти,2001,annual,2001,44.8
1730,Farg‘ona viloyati,Ферганская область,Fergana region,Фарғона вилояти,2001,annual,2001,31.7
1733,Xorazm viloyati,Хорезмская область,Khorezm region,Хоразм вилояти,2001,annual,2001,46.6
1726,Toshkent shahri,город Ташкент,Tashkent city,Тошкент шаҳри,2001,annual,2001,29.8
1700,O‘zbekiston Respublikasi,Республика Узбекистан,Republic of Uzbekistan,Ўзбекистон Республикаси,2002,annual,2002,52.6
1735,Qoraqalpog‘iston Respublikasi,Республика Каракалпакстан,Republic of Karakalpakstan,Қорақалпоғистон Республикаси,2002,annual,2002,54.5
1703,Andijon viloyati,Андижанская область,Andijan region,Aндижон вилояти,2002,annual,2002,45.2
1706,Buxoro viloyati,Бухарская область,Bukhara region,Бухоро вилояти,2002,annual,2002,74.6
1708,Jizzax viloyati,Джизакская область,Jizzakh region,Жиззах вилояти,2002,annual,2002,35.5
1710,Qashqadaryo viloyati,Кашкадарьинская область,Kashkadarya region,Қашқадарё вилояти,2002,annual,2002,57.6
1712,Navoiy viloyati,Навоийская область,Navoi region,Навоий вилояти,2002,annual,2002,82.5
1714,Namangan viloyati,Наманганская область,Namangan region,Наманган вилояти,2002,annual,2002,43.0
1718,Samarqand viloyati,Самаркандская область,Samarkand region,Самарқанд вилояти,2002,annual,2002,60.8
1722,Surxondaryo viloyati,Сурхандарьинская область,Surkhandarya region,Сурхондарё вилояти,2002,annual,2002,63.7
1724,Sirdaryo viloyati,Сырдарьинская область,Syrdarya region,Сирдарё вилояти,2002,annual,2002,68.0
1727,Toshkent viloyati,Ташкентская область,Tashkent region,Тошкент вилояти,2002,annual,2002,50.9
1730,Farg‘ona viloyati,Ферганская область,Fergana region,Фарғона вилояти,2002,annual,2002,38.5
1733,Xorazm viloyati,Хорезмская область,Khorezm region,Хоразм вилояти,2002,annual,2002,39.0
1726,Toshkent shahri,город Ташкент,Tashkent city,Тошкент шаҳри,2002,annual,2002,47.0
1700,O‘zbekiston Respublikasi,Республика Узбекистан,Republic of Uzbekistan,Ўзбекистон Республикаси,2003,annual,2003,56.3
1735,Qoraqalpog‘iston Respublikasi,Республика Каракалпакстан,Republic of Karakalpakstan,Қорақалпоғистон Республикаси,2003,annual,2003,57.0
1703,Andijon viloyati,Андижанская область,Andijan region,Aндижон вилояти,2003,annual,2003,34.5
1706,Buxoro viloyati,Бухарская область,Bukhara region,Бухоро вилояти,2003,annual,2003,71.4
1708,Jizzax viloyati,Джизакская область,Jizzakh region,Жиззах вилояти,2003,annual,2003,41.4
1710,Qashqadaryo viloyati,Кашкадарьинская область,Kashkadarya region,Қашқадарё вилояти,2003,annual,2003,72.4
1712,Navoiy viloyati,Навоийская область,Navoi region,Навоий вилояти,2003,annual,2003,62.2
1714,Namangan viloyati,Наманганская область,Namangan region,Наманган вилояти,2003,annual,2003,52.4
1718,Samarqand viloyati,Самаркандская область,Samarkand region,Самарқанд вилояти,2003,annual,2003,51.7
1722,Surxondaryo viloyati,Сурхандарьинская область,Surkhandarya region,Сурхондарё вилояти,2003,annual,2003,64.5
1724,Sirdaryo viloyati,Сырдарьинская область,Syrdarya region,Сирдарё вилояти,2003,annual,2003,57.0
1727,Toshkent viloyati,Ташкентская область,Tashkent region,Тошкент вилояти,2003,annual,2003,64.8
1730,Farg‘ona viloyati,Ферганская область,Fergana region,Фарғона вилояти,2003,annual,2003,48.8
1733,Xorazm viloyati,Хорезмская область,Khorezm region,Хоразм вилояти,2003,annual,2003,52.2
1726,Toshkent shahri,город Ташкент,Tashkent city,Тошкент шаҳри,2003,annual,2003,41.5
1700,O‘zbekiston Respublikasi,Республика Узбекистан,Republic of Uzbekistan,Ўзбекистон Республикаси,2004,annual,2004,54.6
1735,Qoraqalpog‘iston Respublikasi,Республика Каракалпакстан,Republic of Karakalpakstan,Қорақалпоғистон Республикаси,2004,annual,2004,46.6
1703,Andijon viloyati,Андижанская область,Andijan region,Aндижон вилояти,2004,annual,2004,59.6
1706,Buxoro viloyati,Бухарская область,Bukhara region,Бухоро вилояти,2004,annual,2004,63.1
1708,Jizzax viloyati,Джизакская область,Jizzakh region,Жиззах вилояти,2004,annual,2004,44.6
1710,Qashqadaryo viloyati,Кашкадарьинская область,Kashkadarya region,Қашқадарё вилояти,2004,annual,2004,73.6
1712,Navoiy viloyati,Навоийская область,Navoi region,Навоий вилояти,2004,annual,2004,80.9
1714,Namangan viloyati,Наманганская область,Namangan region,Наманган вилояти,2004,annual,2004,50.8
1718,Samarqand viloyati,Самаркандская область,Samarkand region,Самарқанд вилояти,2004,annual,2004,54.6
1722,Surxondaryo viloyati,Сурхандарьинская область,Surkhandarya region,Сурхондарё вилояти,2004,annual,2004,75.4
1724,Sirdaryo viloyati,Сырдарьинская область,Syrdarya region,Сирдарё вилояти,2004,annual,2004,37.3
1727,Toshkent viloyati,Ташкентская область,Tashkent region,Тошкент вилояти,2004,annual,2004,58.2
1730,Farg‘ona viloyati,Ферганская область,Fergana region,Фарғона вилояти,2004,annual,2004,61.3
1733,Xorazm viloyati,Хорезмская область,Khorezm region,Хоразм вилояти,2004,annual,2004,67.5
1726,Toshkent shahri,город Ташкент,Tashkent city,Тошкент шаҳри,2004,annual,2004,34.8
1700,O‘zbekiston Respublikasi,Республика Узбекистан,Republic of Uzbekistan,Ўзбекистон Республикаси,2005,annual,2005,57.5
1735,Qoraqalpog‘iston Respublikasi,Республика Каракалпакстан,Republic of Karakalpakstan,Қорақалпоғистон Республикаси,2005,annual,2005,41.0
1703,Andijon viloyati,Андижанская область,Andijan region,Aндижон вилояти,2005,annual,2005,59.2
1706,Buxoro viloyati,Бухарская область,Bukhara region,Бухоро вилояти,2005,annual,2005,79.2
1708,Jizzax viloyati,Джизакская область,Jizzakh region,Жиззах вилояти,2005,annual,2005,68.5
1710,Qashqadaryo viloyati,Кашкадарьинская область,Kashkadarya region,Қашқадарё вилояти,2005,annual,2005,76.8
1712,Navoiy viloyati,Навоийская область,Navoi region,Навоий вилояти,2005,annual,2005,62.7
1714,Namangan viloyati,Наманганская область,Namangan region,Наманган вилояти,2005,annual,2005,50.5
1718,Samarqand viloyati,Самаркандская область,Samarkand region,Самарқанд вилояти,2005,annual,2005,50.3
1722,Surxondaryo viloyati,Сурхандарьинская область,Surkhandarya region,Сурхондарё вилояти,2005,annual,2005,67.5
1724,Sirdaryo viloyati,Сырдарьинская область,Syrdarya region,Сирдарё вилояти,2005,annual,2005,49.0
1727,Toshkent viloyati,Ташкентская область,Tashkent region,Тошкент вилояти,2005,annual,2005,63.8
1730,Farg‘ona viloyati,Ферганская область,Fergana region,Фарғона вилояти,2005,annual,2005,62.4
1733,Xorazm viloyati,Хорезмская область,Khorezm region,Хоразм вилояти,2005,annual,2005,52.4
1726,Toshkent shahri,город Ташкент,Tashkent city,Тошкент шаҳри,2005,annual,2005,37.5
1700,O‘zbekiston Respublikasi,Республика Узбекистан,Republic of Uzbekistan,Ўзбекистон Республикаси,2006,annual,2006,60.3
1735,Qoraqalpog‘iston Respublikasi,Республика Каракалпакстан,Republic of Karakalpakstan,Қорақалпоғистон Республикаси,2006,annual,2006,57.5
1703,Andijon viloyati,Андижанская область,Andijan region,Aндижон вилояти,2006,annual,2006,60.1
1706,Buxoro viloyati,Бухарская область,Bukhara region,Бухоро вилояти,2006,annual,2006,80.4
1708,Jizzax viloyati,Джизакская область,Jizzakh region,Жиззах вилояти,2006,annual,2006,46.1
1710,Qashqadaryo viloyati,Кашкадарьинская область,Kashkadarya region,Қашқадарё вилояти,2006,annual,2006,73.2
1712,Navoiy viloyati,Навоийская область,Navoi region,Навоий вилояти,2006,annual,2006,84.9
1714,Namangan viloyati,Наманганская область,Namangan region,Наманган вилояти,2006,annual,2006,47.9
1718,Samarqand viloyati,Самаркандская область,Samarkand region,Самарқанд вилояти,2006,annual,2006,51.7
1722,Surxondaryo viloyati,Сурхандарьинская область,Surkhandarya region,Сурхондарё вилояти,2006,annual,2006,60.9
1724,Sirdaryo viloyati,Сырдарьинская область,Syrdarya region,Сирдарё вилояти,2006,annual,2006,45.0
1727,Toshkent viloyati,Ташкентская область,Tashkent region,Тошкент вилояти,2006,annual,2006,60.4
1730,Farg‘ona viloyati,Ферганская область,Fergana region,Фарғона вилояти,2006,annual,2006,58.2
1733,Xorazm viloyati,Хорезмская область,Khorezm region,Хоразм вилояти,2006,annual,2006,41.7
1726,Toshkent shahri,город Ташкент,Tashkent city,Тошкент шаҳри,2006,annual,2006,41.3
1700,O‘zbekiston Respublikasi,Республика Узбекистан,Republic of Uzbekistan,Ўзбекистон Республикаси,2007,annual,2007,56.6
1735,Qoraqalpog‘iston Respublikasi,Республика Каракалпакстан,Republic of Karakalpakstan,Қорақалпоғистон Республикаси,2007,annual,2007,83.8
1703,Andijon viloyati,Андижанская область,Andijan region,Aндижон вилояти,2007,annual,2007,61.8
1706,Buxoro viloyati,Бухарская область,Bukhara region,Бухоро вилояти,2007,annual,2007,34.0
1708,Jizzax viloyati,Джизакская область,Jizzakh region,Жиззах вилояти,2007,annual,2007,45.8
1710,Qashqadaryo viloyati,Кашкадарьинская область,Kashkadarya region,Қашқадарё вилояти,2007,annual,2007,63.8
1712,Navoiy viloyati,Навоийская область,Navoi region,Навоий вилояти,2007,annual,2007,74.1
1714,Namangan viloyati,Наманганская область,Namangan region,Наманган вилояти,2007,annual,2007,49.7
1718,Samarqand viloyati,Самаркандская область,Samarkand region,Самарқанд вилояти,2007,annual,2007,55.1
1722,Surxondaryo viloyati,Сурхандарьинская область,Surkhandarya region,Сурхондарё вилояти,2007,annual,2007,62.5
1724,Sirdaryo viloyati,Сырдарьинская область,Syrdarya region,Сирдарё вилояти,2007,annual,2007,46.9
1727,Toshkent viloyati,Ташкентская область,Tashkent region,Тошкент вилояти,2007,annual,2007,64.8
1730,Farg‘ona viloyati,Ферганская область,Fergana region,Фарғона вилояти,2007,annual,2007,57.0
1733,Xorazm viloyati,Хорезмская область,Khorezm region,Хоразм вилояти,2007,annual,2007,50.2
1726,Toshkent shahri,город Ташкент,Tashkent city,Тошкент шаҳри,2007,annual,2007,42.4
1700,O‘zbekiston Respublikasi,Республика Узбекистан,Republic of Uzbekistan,Ўзбекистон Республикаси,2008,annual,2008,50.0
1735,Qoraqalpog‘iston Respublikasi,Республика Каракалпакстан,Republic of Karakalpakstan,Қорақалпоғистон Республикаси,2008,annual,2008,82.2
1703,Andijon viloyati,Андижанская область,Andijan region,Aндижон вилояти,2008,annual,2008,56.9
1706,Buxoro viloyati,Бухарская область,Bukhara region,Бухоро вилояти,2008,annual,2008,38.8
1708,Jizzax viloyati,Джизакская область,Jizzakh region,Жиззах вилояти,2008,annual,2008,40.2
1710,Qashqadaryo viloyati,Кашкадарьинская область,Kashkadarya region,Қашқадарё вилояти,2008,annual,2008,43.9
1712,Navoiy viloyati,Навоийская область,Navoi region,Навоий вилояти,2008,annual,2008,77.6
1714,Namangan viloyati,Наманганская область,Namangan region,Наманган вилояти,2008,annual,2008,52.4
1718,Samarqand viloyati,Самаркандская область,Samarkand region,Самарқанд вилояти,2008,annual,2008,58.5
1722,Surxondaryo viloyati,Сурхандарьинская область,Surkhandarya region,Сурхондарё вилояти,2008,annual,2008,44.2
1724,Sirdaryo viloyati,Сырдарьинская область,Syrdarya region,Сирдарё вилояти,2008,annual,2008,27.3
1727,Toshkent viloyati,Ташкентская область,Tashkent region,Тошкент вилояти,2008,annual,2008,58.8
1730,Farg‘ona viloyati,Ферганская область,Fergana region,Фарғона вилояти,2008,annual,2008,47.9
1733,Xorazm viloyati,Хорезмская область,Khorezm region,Хоразм вилояти,2008,annual,2008,43.7
1726,Toshkent shahri,город Ташкент,Tashkent city,Тошкент шаҳри,2008,annual,2008,39.2
1700,O‘zbekiston Respublikasi,Республика Узбекистан,Republic of Uzbekistan,Ўзбекистон Республикаси,2009,annual,2009,46.9
1735,Qoraqalpog‘iston Respublikasi,Республика Каракалпакстан,Republic of Karakalpakstan,Қорақалпоғистон Республикаси,2009,annual,2009,70.0
1703,Andijon viloyati,Андижанская область,Andijan region,Aндижон вилояти,2009,annual,2009,74.4
1706,Buxoro viloyati,Бухарская область,Bukhara region,Бухоро вилояти,2009,annual,2009,16.8
1708,Jizzax viloyati,Джизакская область,Jizzakh region,Жиззах вилояти,2009,annual,2009,46.4
1710,Qashqadaryo viloyati,Кашкадарьинская область,Kashkadarya region,Қашқадарё вилояти,2009,annual,2009,51.0
1712,Navoiy viloyati,Навоийская область,Navoi region,Навоий вилояти,2009,annual,2009,75.7
1714,Namangan viloyati,Наманганская область,Namangan region,Наманган вилояти,2009,annual,2009,64.6
1718,Samarqand viloyati,Самаркандская область,Samarkand region,Самарқанд вилояти,2009,annual,2009,56.9
1722,Surxondaryo viloyati,Сурхандарьинская область,Surkhandarya region,Сурхондарё вилояти,2009,annual,2009,46.7
1724,Sirdaryo viloyati,Сырдарьинская область,Syrdarya region,Сирдарё вилояти,2009,annual,2009,46.4
1727,Toshkent viloyati,Ташкентская область,Tashkent region,Тошкент вилояти,2009,annual,2009,51.0
1730,Farg‘ona viloyati,Ферганская область,Fergana region,Фарғона вилояти,2009,annual,2009,50.1
1733,Xorazm viloyati,Хорезмская область,Khorezm region,Хоразм вилояти,2009,annual,2009,52.2
1726,Toshkent shahri,город Ташкент,Tashkent city,Тошкент шаҳри,2009,annual,2009,48.0
1700,O‘zbekiston Respublikasi,Республика Узбекистан,Republic of Uzbekistan,Ўзбекистон Республикаси,2010,annual,2010,52.5
1735,Qoraqalpog‘iston Respublikasi,Республика Каракалпакстан,Republic of Karakalpakstan,Қорақалпоғистон Республикаси,2010,annual,2010,57.3
1703,Andijon viloyati,Андижанская область,Andijan region,Aндижон вилояти,2010,annual,2010,77.8
1706,Buxoro viloyati,Бухарская область,Bukhara region,Бухоро вилояти,2010,annual,2010,29.7
1708,Jizzax viloyati,Джизакская область,Jizzakh region,Жиззах вилояти,2010,annual,2010,70.2
1710,Qashqadaryo viloyati,Кашкадарьинская область,Kashkadarya region,Қашқадарё вилояти,2010,annual,2010,63.7
1712,Navoiy viloyati,Навоийская область,Navoi region,Навоий вилояти,2010,annual,2010,41.9
1714,Namangan viloyati,Наманганская область,Namangan region,Наманган вилояти,2010,annual,2010,72.1
1718,Samarqand viloyati,Самаркандская область,Samarkand region,Самарқанд вилояти,2010,annual,2010,77.9
1722,Surxondaryo viloyati,Сурхандарьинская область,Surkhandarya region,Сурхондарё вилояти,2010,annual,2010,56.0
1724,Sirdaryo viloyati,Сырдарьинская область,Syrdarya region,Сирдарё вилояти,2010,annual,2010,55.9
1727,Toshkent viloyati,Ташкентская область,Tashkent region,Тошкент вилояти,2010,annual,2010,52.8
1730,Farg‘ona viloyati,Ферганская область,Fergana region,Фарғона вилояти,2010,annual,2010,61.6
1733,Xorazm viloyati,Хорезмская область,Khorezm region,Хоразм вилояти,2010,annual,2010,63.4
1726,Toshkent shahri,город Ташкент,Tashkent city,Тошкент шаҳри,2010,annual,2010,41.4
1700,O‘zbekiston Respublikasi,Республика Узбекистан,Republic of Uzbekistan,Ўзбекистон Республикаси,2011,annual,2011,57.1
1735,Qoraqalpog‘iston Respublikasi,Республика Каракалпакстан,Republic of Karakalpakstan,Қорақалпоғистон Республикаси,2011,annual,2011,61.3
1703,Andijon viloyati,Андижанская область,Andijan region,Aндижон вилояти,2011,annual,2011,73.4
1706,Buxoro viloyati,Бухарская область,Bukhara region,Бухоро вилояти,2011,annual,2011,34.4
1708,Jizzax viloyati,Джизакская область,Jizzakh region,Жиззах вилояти,2011,annual,2011,71.2
1710,Qashqadaryo viloyati,Кашкадарьинская область,Kashkadarya region,Қашқадарё вилояти,2011,annual,2011,68.6
1712,Navoiy viloyati,Навоийская область,Navoi region,Навоий вилояти,2011,annual,2011,55.7
1714,Namangan viloyati,Наманганская область,Namangan region,Наманган вилояти,2011,annual,2011,73.0
1718,Samarqand viloyati,Самаркандская область,Samarkand region,Самарқанд вилояти,2011,annual,2011,75.3
1722,Surxondaryo viloyati,Сурхандарьинская область,Surkhandarya region,Сурхондарё вилояти,2011,annual,2011,67.5
1724,Sirdaryo viloyati,Сырдарьинская область,Syrdarya region,Сирдарё вилояти,2011,annual,2011,57.5
1727,Toshkent viloyati,Ташкентская область,Tashkent region,Тошкент вилояти,2011,annual,2011,48.2
1730,Farg‘ona viloyati,Ферганская область,Fergana region,Фарғона вилояти,2011,annual,2011,56.8
1733,Xorazm viloyati,Хорезмская область,Khorezm region,Хоразм вилояти,2011,annual,2011,55.5
1726,Toshkent shahri,город Ташкент,Tashkent city,Тошкент шаҳри,2011,annual,2011,48.7
1700,O‘zbekiston Respublikasi,Республика Узбекистан,Republic of Uzbekistan,Ўзбекистон Республикаси,2012,annual,2012,56.0
1735,Qoraqalpog‘iston Respublikasi,Республика Каракалпакстан,Republic of Karakalpakstan,Қорақалпоғистон Республикаси,2012,annual,2012,48.5
1703,Andijon viloyati,Андижанская область,Andijan region,Aндижон вилояти,2012,annual,2012,71.9
1706,Buxoro viloyati,Бухарская область,Bukhara region,Бухоро вилояти,2012,annual,2012,35.3
1708,Jizzax viloyati,Джизакская область,Jizzakh region,Жиззах вилояти,2012,annual,2012,66.8
1710,Qashqadaryo viloyati,Кашкадарьинская область,Kashkadarya region,Қашқадарё вилояти,2012,annual,2012,57.9
1712,Navoiy viloyati,Навоийская область,Navoi region,Навоий вилояти,2012,annual,2012,53.6
1714,Namangan viloyati,Наманганская область,Namangan region,Наманган вилояти,2012,annual,2012,69.9
1718,Samarqand viloyati,Самаркандская область,Samarkand region,Самарқанд вилояти,2012,annual,2012,73.0
1722,Surxondaryo viloyati,Сурхандарьинская область,Surkhandarya region,Сурхондарё вилояти,2012,annual,2012,63.4
1724,Sirdaryo viloyati,Сырдарьинская область,Syrdarya region,Сирдарё вилояти,2012,annual,2012,48.0
1727,Toshkent viloyati,Ташкентская область,Tashkent region,Тошкент вилояти,2012,annual,2012,62.2
1730,Farg‘ona viloyati,Ферганская область,Fergana region,Фарғона вилояти,2012,annual,2012,49.3
1733,Xorazm viloyati,Хорезмская область,Khorezm region,Хоразм вилояти,2012,annual,2012,63.3
1726,Toshkent shahri,город Ташкент,Tashkent city,Тошкент шаҳри,2012,annual,2012,51.6
1700,O‘zbekiston Respublikasi,Республика Узбекистан,Republic of Uzbekistan,Ўзбекистон Республикаси,2013,annual,2013,57.9
1735,Qoraqalpog‘iston Respublikasi,Республика Каракалпакстан,Republic of Karakalpakstan,Қорақалпоғистон Республикаси,2013,annual,2013,55.3
1703,Andijon viloyati,Андижанская область,Andijan region,Aндижон вилояти,2013,annual,2013,71.3
1706,Buxoro viloyati,Бухарская область,Bukhara region,Бухоро вилояти,2013,annual,2013,37.5
1708,Jizzax viloyati,Джизакская область,Jizzakh region,Жиззах вилояти,2013,annual,2013,54.3
1710,Qashqadaryo viloyati,Кашкадарьинская область,Kashkadarya region,Қашқадарё вилояти,2013,annual,2013,57.2
1712,Navoiy viloyati,Навоийская область,Navoi region,Навоий вилояти,2013,annual,2013,64.2
1714,Namangan viloyati,Наманганская область,Namangan region,Наманган вилояти,2013,annual,2013,63.3
1718,Samarqand viloyati,Самаркандская область,Samarkand region,Самарқанд вилояти,2013,annual,2013,72.7
1722,Surxondaryo viloyati,Сурхандарьинская область,Surkhandarya region,Сурхондарё вилояти,2013,annual,2013,57.6
1724,Sirdaryo viloyati,Сырдарьинская область,Syrdarya region,Сирдарё вилояти,2013,annual,2013,42.3
1727,Toshkent viloyati,Ташкентская область,Tashkent region,Тошкент вилояти,2013,annual,2013,57.5
1730,Farg‘ona viloyati,Ферганская область,Fergana region,Фарғона вилояти,2013,annual,2013,55.3
1733,Xorazm viloyati,Хорезмская область,Khorezm region,Хоразм вилояти,2013,annual,2013,58.4
1726,Toshkent shahri,город Ташкент,Tashkent city,Тошкент шаҳри,2013,annual,2013,62.9
1700,O‘zbekiston Respublikasi,Республика Узбекистан,Republic of Uzbekistan,Ўзбекистон Республикаси,2014,annual,2014,57.6
1735,Qoraqalpog‘iston Respublikasi,Республика Каракалпакстан,Republic of Karakalpakstan,Қорақалпоғистон Республикаси,2014,annual,2014,37.6
1703,Andijon viloyati,Андижанская область,Andijan region,Aндижон вилояти,2014,annual,2014,68.2
1706,Buxoro viloyati,Бухарская область,Bukhara region,Бухоро вилояти,2014,annual,2014,41.1
1708,Jizzax viloyati,Джизакская область,Jizzakh region,Жиззах вилояти,2014,annual,2014,58.8
1710,Qashqadaryo viloyati,Кашкадарьинская область,Kashkadarya region,Қашқадарё вилояти,2014,annual,2014,63.2
1712,Navoiy viloyati,Навоийская область,Navoi region,Навоий вилояти,2014,annual,2014,72.9
1714,Namangan viloyati,Наманганская область,Namangan region,Наманган вилояти,2014,annual,2014,57.7
1718,Samarqand viloyati,Самаркандская область,Samarkand region,Самарқанд вилояти,2014,annual,2014,70.5
1722,Surxondaryo viloyati,Сурхандарьинская область,Surkhandarya region,Сурхондарё вилояти,2014,annual,2014,62.1
1724,Sirdaryo viloyati,Сырдарьинская область,Syrdarya region,Сирдарё вилояти,2014,annual,2014,44.3
1727,Toshkent viloyati,Ташкентская область,Tashkent region,Тошкент вилояти,2014,annual,2014,51.2
1730,Farg‘ona viloyati,Ферганская область,Fergana region,Фарғона вилояти,2014,annual,2014,62.9
1733,Xorazm viloyati,Хорезмская область,Khorezm region,Хоразм вилояти,2014,annual,2014,63.1
1726,Toshkent shahri,город Ташкент,Tashkent city,Тошкент шаҳри,2014,annual,2014,65.4
1700,O‘zbekiston Respublikasi,Республика Узбекистан,Republic of Uzbekistan,Ўзбекистон Республикаси,2015,annual,2015,56.2
1735,Qoraqalpog‘iston Respublikasi,Республика Каракалпакстан,Republic of Karakalpakstan,Қорақалпоғистон Республикаси,2015,annual,2015,27.8
1703,Andijon viloyati,Андижанская область,Andijan region,Aндижон вилояти,2015,annual,2015,66.8
1706,Buxoro viloyati,Бухарская область,Bukhara region,Бухоро вилояти,2015,annual,2015,51.8
1708,Jizzax viloyati,Джизакская область,Jizzakh region,Жиззах вилояти,2015,annual,2015,58.4
1710,Qashqadaryo viloyati,Кашкадарьинская область,Kashkadarya region,Қашқадарё вилояти,2015,annual,2015,61.0
1712,Navoiy viloyati,Навоийская область,Navoi region,Навоий вилояти,2015,annual,2015,60.8
1714,Namangan viloyati,Наманганская область,Namangan region,Наманган вилояти,2015,annual,2015,55.5
1718,Samarqand viloyati,Самаркандская область,Samarkand region,Самарқанд вилояти,2015,annual,2015,73.1
1722,Surxondaryo viloyati,Сурхандарьинская область,Surkhandarya region,Сурхондарё вилояти,2015,annual,2015,61.2
1724,Sirdaryo viloyati,Сырдарьинская область,Syrdarya region,Сирдарё вилояти,2015,annual,2015,41.2
1727,Toshkent viloyati,Ташкентская область,Tashkent region,Тошкент вилояти,2015,annual,2015,53.6
1730,Farg‘ona viloyati,Ферганская область,Fergana region,Фарғона вилояти,2015,annual,2015,63.8
1733,Xorazm viloyati,Хорезмская область,Khorezm region,Хоразм вилояти,2015,annual,2015,67.5
1726,Toshkent shahri,город Ташкент,Tashkent city,Тошкент шаҳри,2015,annual,2015,64.4
1700,O‘zbekiston Respublikasi,Республика Узбекистан,Republic of Uzbekistan,Ўзбекистон Республикаси,2016,annual,2016,54.4
1735,Qoraqalpog‘iston Respublikasi,Республика Каракалпакстан,Republic of Karakalpakstan,Қорақалпоғистон Республикаси,2016,annual,2016,35.2
1703,Andijon viloyati,Андижанская область,Andijan region,Aндижон вилояти,2016,annual,2016,67.6
1706,Buxoro viloyati,Бухарская область,Bukhara region,Бухоро вилояти,2016,annual,2016,39.5
1708,Jizzax viloyati,Джизакская область,Jizzakh region,Жиззах вилояти,2016,annual,2016,62.9
1710,Qashqadaryo viloyati,Кашкадарьинская область,Kashkadarya region,Қашқадарё вилояти,2016,annual,2016,53.5
1712,Navoiy viloyati,Навоийская область,Navoi region,Навоий вилояти,2016,annual,2016,50.0
1714,Namangan viloyati,Наманганская область,Namangan region,Наманган вилояти,2016,annual,2016,50.9
1718,Samarqand viloyati,Самаркандская область,Samarkand region,Самарқанд вилояти,2016,annual,2016,76.3
1722,Surxondaryo viloyati,Сурхандарьинская область,Surkhandarya region,Сурхондарё вилояти,2016,annual,2016,58.7
1724,Sirdaryo viloyati,Сырдарьинская область,Syrdarya region,Сирдарё вилояти,2016,annual,2016,41.2
1727,Toshkent viloyati,Ташкентская область,Tashkent region,Тошкент вилояти,2016,annual,2016,58.6
1730,Farg‘ona viloyati,Ферганская область,Fergana region,Фарғона вилояти,2016,annual,2016,61.8
1733,Xorazm viloyati,Хорезмская область,Khorezm region,Хоразм вилояти,2016,annual,2016,70.5
1726,Toshkent shahri,город Ташкент,Tashkent city,Тошкент шаҳри,2016,annual,2016,56.1
1700,O‘zbekiston Respublikasi,Республика Узбекистан,Republic of Uzbekistan,Ўзбекистон Республикаси,2017,annual,2017,47.3
1735,Qoraqalpog‘iston Respublikasi,Республика Каракалпакстан,Republic of Karakalpakstan,Қорақалпоғистон Республикаси,2017,annual,2017,62.8
1703,Andijon viloyati,Андижанская область,Andijan region,Aндижон вилояти,2017,annual,2017,65.6
1706,Buxoro viloyati,Бухарская область,Bukhara region,Бухоро вилояти,2017,annual,2017,20.6
1708,Jizzax viloyati,Джизакская область,Jizzakh region,Жиззах вилояти,2017,annual,2017,55.4
1710,Qashqadaryo viloyati,Кашкадарьинская область,Kashkadarya region,Қашқадарё вилояти,2017,annual,2017,39.1
1712,Navoiy viloyati,Навоийская область,Navoi region,Навоий вилояти,2017,annual,2017,46.5
1714,Namangan viloyati,Наманганская область,Namangan region,Наманган вилояти,2017,annual,2017,49.9
1718,Samarqand viloyati,Самаркандская область,Samarkand region,Самарқанд вилояти,2017,annual,2017,68.4
1722,Surxondaryo viloyati,Сурхандарьинская область,Surkhandarya region,Сурхондарё вилояти,2017,annual,2017,50.0
1724,Sirdaryo viloyati,Сырдарьинская область,Syrdarya region,Сирдарё вилояти,2017,annual,2017,38.7
1727,Toshkent viloyati,Ташкентская область,Tashkent region,Тошкент вилояти,2017,annual,2017,51.4
1730,Farg‘ona viloyati,Ферганская область,Fergana region,Фарғона вилояти,2017,annual,2017,67.9
1733,Xorazm viloyati,Хорезмская область,Khorezm region,Хоразм вилояти,2017,annual,2017,64.5
1726,Toshkent shahri,город Ташкент,Tashkent city,Тошкент шаҳри,2017,annual,2017,52.8
1700,O‘zbekiston Respublikasi,Республика Узбекистан,Republic of Uzbekistan,Ўзбекистон Республикаси,2018,annual,2018,42.0
1735,Qoraqalpog‘iston Respublikasi,Республика Каракалпакстан,Republic of Karakalpakstan,Қорақалпоғистон Республикаси,2018,annual,2018,37.9
1703,Andijon viloyati,Андижанская область,Andijan region,Aндижон вилояти,2018,annual,2018,47.8
1706,Buxoro viloyati,Бухарская область,Bukhara region,Бухоро вилояти,2018,annual,2018,35.5
1708,Jizzax viloyati,Джизакская область,Jizzakh region,Жиззах вилояти,2018,annual,2018,44.3
1710,Qashqadaryo viloyati,Кашкадарьинская область,Kashkadarya region,Қашқадарё вилояти,2018,annual,2018,33.6
1712,Navoiy viloyati,Навоийская область,Navoi region,Навоий вилояти,2018,annual,2018,37.1
1714,Namangan viloyati,Наманганская область,Namangan region,Наманган вилояти,2018,annual,2018,29.7
1718,Samarqand viloyati,Самаркандская область,Samarkand region,Самарқанд вилояти,2018,annual,2018,57.5
1722,Surxondaryo viloyati,Сурхандарьинская область,Surkhandarya region,Сурхондарё вилояти,2018,annual,2018,34.9
1724,Sirdaryo viloyati,Сырдарьинская область,Syrdarya region,Сирдарё вилояти,2018,annual,2018,34.9
1727,Toshkent viloyati,Ташкентская область,Tashkent region,Тошкент вилояти,2018,annual,2018,51.0
1730,Farg‘ona viloyati,Ферганская область,Fergana region,Фарғона вилояти,2018,annual,2018,46.1
1733,Xorazm viloyati,Хорезмская область,Khorezm region,Хоразм вилояти,2018,annual,2018,49.1
1726,Toshkent shahri,город Ташкент,Tashkent city,Тошкент шаҳри,2018,annual,2018,49.7
1700,O‘zbekiston Respublikasi,Республика Узбекистан,Republic of Uzbekistan,Ўзбекистон Республикаси,2019,annual,2019,29.3
1735,Qoraqalpog‘iston Respublikasi,Республика Каракалпакстан,Republic of Karakalpakstan,Қорақалпоғистон Республикаси,2019,annual,2019,34.3
1703,Andijon viloyati,Андижанская область,Andijan region,Aндижон вилояти,2019,annual,2019,38.2
1706,Buxoro viloyati,Бухарская область,Bukhara region,Бухоро вилояти,2019,annual,2019,28.9
1708,Jizzax viloyati,Джизакская область,Jizzakh region,Жиззах вилояти,2019,annual,2019,22.5
1710,Qashqadaryo viloyati,Кашкадарьинская область,Kashkadarya region,Қашқадарё вилояти,2019,annual,2019,22.2
1712,Navoiy viloyati,Навоийская область,Navoi region,Навоий вилояти,2019,annual,2019,15.7
1714,Namangan viloyati,Наманганская область,Namangan region,Наманган вилояти,2019,annual,2019,29.4
1718,Samarqand viloyati,Самаркандская область,Samarkand region,Самарқанд вилояти,2019,annual,2019,38.5
1722,Surxondaryo viloyati,Сурхандарьинская область,Surkhandarya region,Сурхондарё вилояти,2019,annual,2019,15.7
1724,Sirdaryo viloyati,Сырдарьинская область,Syrdarya region,Сирдарё вилояти,2019,annual,2019,20.4
1727,Toshkent viloyati,Ташкентская область,Tashkent region,Тошкент вилояти,2019,annual,2019,38.6
1730,Farg‘ona viloyati,Ферганская область,Fergana region,Фарғона вилояти,2019,annual,2019,34.7
1733,Xorazm viloyati,Хорезмская область,Khorezm region,Хоразм вилояти,2019,annual,2019,32.8
1726,Toshkent shahri,город Ташкент,Tashkent city,Тошкент шаҳри,2019,annual,2019,36.6
1700,O‘zbekiston Respublikasi,Республика Узбекистан,Republic of Uzbekistan,Ўзбекистон Республикаси,2020,annual,2020,40.8
1735,Qoraqalpog‘iston Respublikasi,Республика Каракалпакстан,Republic of Karakalpakstan,Қорақалпоғистон Республикаси,2020,annual,2020,39.1
1703,Andijon viloyati,Андижанская область,Andijan region,Aндижон вилояти,2020,annual,2020,47.6
1706,Buxoro viloyati,Бухарская область,Bukhara region,Бухоро вилояти,2020,annual,2020,38.3
1708,Jizzax viloyati,Джизакская область,Jizzakh region,Жиззах вилояти,2020,annual,2020,20.9
1710,Qashqadaryo viloyati,Кашкадарьинская область,Kashkadarya region,Қашқадарё вилояти,2020,annual,2020,21.6
1712,Navoiy viloyati,Навоийская область,Navoi region,Навоий вилояти,2020,annual,2020,25.8
1714,Namangan viloyati,Наманганская область,Namangan region,Наманган вилояти,2020,annual,2020,41.9
1718,Samarqand viloyati,Самаркандская область,Samarkand region,Самарқанд вилояти,2020,annual,2020,53.0
1722,Surxondaryo viloyati,Сурхандарьинская область,Surkhandarya region,Сурхондарё вилояти,2020,annual,2020,23.7
1724,Sirdaryo viloyati,Сырдарьинская область,Syrdarya region,Сирдарё вилояти,2020,annual,2020,29.9
1727,Toshkent viloyati,Ташкентская область,Tashkent region,Тошкент вилояти,2020,annual,2020,51.6
1730,Farg‘ona viloyati,Ферганская область,Fergana region,Фарғона вилояти,2020,annual,2020,43.3
1733,Xorazm viloyati,Хорезмская область,Khorezm region,Хоразм вилояти,2020,annual,2020,41.2
1726,Toshkent shahri,город Ташкент,Tashkent city,Тошкент шаҳри,2020,annual,2020,54.0
1700,O‘zbekiston Respublikasi,Республика Узбекистан,Republic of Uzbekistan,Ўзбекистон Республикаси,2021,annual,2021,38.0
1735,Qoraqalpog‘iston Respublikasi,Республика Каракалпакстан,Republic of Karakalpakstan,Қорақалпоғистон Республикаси,2021,annual,2021,39.9
1703,Andijon viloyati,Андижанская область,Andijan region,Aндижон вилояти,2021,annual,2021,37.4
1706,Buxoro viloyati,Бухарская область,Bukhara region,Бухоро вилояти,2021,annual,2021,31.0
1708,Jizzax viloyati,Джизакская область,Jizzakh region,Жиззах вилояти,2021,annual,2021,32.2
1710,Qashqadaryo viloyati,Кашкадарьинская область,Kashkadarya region,Қашқадарё вилояти,2021,annual,2021,32.7
1712,Navoiy viloyati,Навоийская область,Navoi region,Навоий вилояти,2021,annual,2021,28.6
1714,Namangan viloyati,Наманганская область,Namangan region,Наманган вилояти,2021,annual,2021,36.7
1718,Samarqand viloyati,Самаркандская область,Samarkand region,Самарқанд вилояти,2021,annual,2021,41.0
1722,Surxondaryo viloyati,Сурхандарьинская область,Surkhandarya region,Сурхондарё вилояти,2021,annual,2021,29.4
1724,Sirdaryo viloyati,Сырдарьинская область,Syrdarya region,Сирдарё вилояти,2021,annual,2021,19.6
1727,Toshkent viloyati,Ташкентская область,Tashkent region,Тошкент вилояти,2021,annual,2021,45.4
1730,Farg‘ona viloyati,Ферганская область,Fergana region,Фарғона вилояти,2021,annual,2021,41.7
1733,Xorazm viloyati,Хорезмская область,Khorezm region,Хоразм вилояти,2021,annual,2021,45.8
1726,Toshkent shahri,город Ташкент,Tashkent city,Тошкент шаҳри,2021,annual,2021,44.7
1700,O‘zbekiston Respublikasi,Республика Узбекистан,Republic of Uzbekistan,Ўзбекистон Республикаси,2022,annual,2022,40.6
1735,Qoraqalpog‘iston Respublikasi,Республика Каракалпакстан,Republic of Karakalpakstan,Қорақалпоғистон Республикаси,2022,annual,2022,38.0
1703,Andijon viloyati,Андижанская область,Andijan region,Aндижон вилояти,2022,annual,2022,36.1
1706,Buxoro viloyati,Бухарская область,Bukhara region,Бухоро вилояти,2022,annual,2022,32.6
1708,Jizzax viloyati,Джизакская область,Jizzakh region,Жиззах вилояти,2022,annual,2022,33.4
1710,Qashqadaryo viloyati,Кашкадарьинская область,Kashkadarya region,Қашқадарё вилояти,2022,annual,2022,38.3
1712,Navoiy viloyati,Навоийская область,Navoi region,Навоий вилояти,2022,annual,2022,38.8
1714,Namangan viloyati,Наманганская область,Namangan region,Наманган вилояти,2022,annual,2022,38.4
1718,Samarqand viloyati,Самаркандская область,Samarkand region,Самарқанд вилояти,2022,annual,2022,32.5
1722,Surxondaryo viloyati,Сурхандарьинская область,Surkhandarya region,Сурхондарё вилояти,2022,annual,2022,33.0
1724,Sirdaryo viloyati,Сырдарьинская область,Syrdarya region,Сирдарё вилояти,2022,annual,2022,10.8
1727,Toshkent viloyati,Ташкентская область,Tashkent region,Тошкент вилояти,2022,annual,2022,46.5
1730,Farg‘ona viloyati,Ферганская область,Fergana region,Фарғона вилояти,2022,annual,2022,38.0
1733,Xorazm viloyati,Хорезмская область,Khorezm region,Хоразм вилояти,2022,annual,2022,48.3
1726,Toshkent shahri,город Ташкент,Tashkent city,Тошкент шаҳри,2022,annual,2022,55.1
1700,O‘zbekiston Respublikasi,Республика Узбекистан,Republic of Uzbekistan,Ўзбекистон Республикаси,2023,annual,2023,31.8
1735,Qoraqalpog‘iston Respublikasi,Республика Каракалпакстан,Republic of Karakalpakstan,Қорақалпоғистон Республикаси,2023,annual,2023,29.2
1703,Andijon viloyati,Андижанская область,Andijan region,Aндижон вилояти,2023,annual,2023,23.8
1706,Buxoro viloyati,Бухарская область,Bukhara region,Бухоро вилояти,2023,annual,2023,21.4
1708,Jizzax viloyati,Джизакская область,Jizzakh region,Жиззах вилояти,2023,annual,2023,17.0
1710,Qashqadaryo viloyati,Кашкадарьинская область,Kashkadarya region,Қашқадарё вилояти,2023,annual,2023,31.7
1712,Navoiy viloyati,Навоийская область,Navoi region,Навоий вилояти,2023,annual,2023,27.9
1714,Namangan viloyati,Наманганская область,Namangan region,Наманган вилояти,2023,annual,2023,39.9
1718,Samarqand viloyati,Самаркандская область,Samarkand region,Самарқанд вилояти,2023,annual,2023,36.2
1722,Surxondaryo viloyati,Сурхандарьинская область,Surkhandarya region,Сурхондарё вилояти,2023,annual,2023,18.7
1724,Sirdaryo viloyati,Сырдарьинская область,Syrdarya region,Сирдарё вилояти,2023,annual,2023,13.0
1727,Toshkent viloyati,Ташкентская область,Tashkent region,Тошкент вилояти,2023,annual,2023,30.9
1730,Farg‘ona viloyati,Ферганская область,Fergana region,Фарғона вилояти,2023,annual,2023,30.7
1733,Xorazm viloyati,Хорезмская область,Khorezm region,Хоразм вилояти,2023,annual,2023,42.4
1726,Toshkent shahri,город Ташкент,Tashkent city,Тошкент шаҳри,2023,annual,2023,46.6
1700,O‘zbekiston Respublikasi,Республика Узбекистан,Republic of Uzbekistan,Ўзбекистон Республикаси,2024,annual,2024,23.1
1735,Qoraqalpog‘iston Respublikasi,Республика Каракалпакстан,Republic of Karakalpakstan,Қорақалпоғистон Республикаси,2024,annual,2024,19.2
1703,Andijon viloyati,Андижанская область,Andijan region,Aндижон вилояти,2024,annual,2024,16.3
1706,Buxoro viloyati,Бухарская область,Bukhara region,Бухоро вилояти,2024,annual,2024,13.9
1708,Jizzax viloyati,Джизакская область,Jizzakh region,Жиззах вилояти,2024,annual,2024,17.1
1710,Qashqadaryo viloyati,Кашкадарьинская область,Kashkadarya region,Қашқадарё вилояти,2024,annual,2024,21.9
1712,Navoiy viloyati,Навоийская область,Navoi region,Навоий вилояти,2024,annual,2024,14.9
1714,Namangan viloyati,Наманганская область,Namangan region,Наманган вилояти,2024,annual,2024,13.7
1718,Samarqand viloyati,Самаркандская область,Samarkand region,Самарқанд вилояти,2024,annual,2024,28.4
1722,Surxondaryo viloyati,Сурхандарьинская область,Surkhandarya region,Сурхондарё вилояти,2024,annual,2024,25.3
1724,Sirdaryo viloyati,Сырдарьинская область,Syrdarya region,Сирдарё вилояти,2024,annual,2024,17.6
1727,Toshkent viloyati,Ташкентская область,Tashkent region,Тошкент вилояти,2024,annual,2024,21.9
1730,Farg‘ona viloyati,Ферганская область,Fergana region,Фарғона вилояти,2024,annual,2024,27.3
1733,Xorazm viloyati,Хорезмская область,Khorezm region,Хоразм вилояти,2024,annual,2024,31.3
1726,Toshkent shahri,город Ташкент,Tashkent city,Тошкент шаҳри,2024,annual,2024,39.3
1700,O‘zbekiston Respublikasi,Республика Узбекистан,Republic of Uzbekistan,Ўзбекистон Республикаси,2025,annual,2025,21.3
1735,Qoraqalpog‘iston Respublikasi,Республика Каракалпакстан,Republic of Karakalpakstan,Қорақалпоғистон Республикаси,2025,annual,2025,16.2
1703,Andijon viloyati,Андижанская область,Andijan region,Aндижон вилояти,2025,annual,2025,14.1
1706,Buxoro viloyati,Бухарская область,Bukhara region,Бухоро вилояти,2025,annual,2025,18.2
1708,Jizzax viloyati,Джизакская область,Jizzakh region,Жиззах вилояти,2025,annual,2025,14.6
1710,Qashqadaryo viloyati,Кашкадарьинская область,Kashkadarya region,Қашқадарё вилояти,2025,annual,2025,17.5
1712,Navoiy viloyati,Навоийская область,Navoi region,Навоий вилояти,2025,annual,2025,14.6
1714,Namangan viloyati,Наманганская область,Namangan region,Наманган вилояти,2025,annual,2025,14.2
1718,Samarqand viloyati,Самаркандская область,Samarkand region,Самарқанд вилояти,2025,annual,2025,16.9
1722,Surxondaryo viloyati,Сурхандарьинская область,Surkhandarya region,Сурхондарё вилояти,2025,annual,2025,22.1
1724,Sirdaryo viloyati,Сырдарьинская область,Syrdarya region,Сирдарё вилояти,2025,annual,2025,12.2
1727,Toshkent viloyati,Ташкентская область,Tashkent region,Тошкент вилояти,2025,annual,2025,24.5
1730,Farg‘ona viloyati,Ферганская область,Fergana region,Фарғона вилояти,2025,annual,2025,24.3
1733,Xorazm viloyati,Хорезмская область,Khorezm region,Хоразм вилояти,2025,annual,2025,24.8
1726,Toshkent shahri,город Ташкент,Tashkent city,Тошкент шаҳри,2025,annual,2025,33.5
